ip_address,hostname
10.123.132.227,paz1digwpl5v.corp.cvscaremark.com
10.123.134.236,eaz1eagaql14v.corp.cvscaremark.com
10.123.134.237,eaz1eagaql15v.corp.cvscaremark.com
10.123.134.240,eaz1eagatl30v.corp.cvscaremark.com
10.123.134.241,eaz1eagatl31v.corp.cvscaremark.com
10.123.134.242,eaz1eagapl36v.corp.cvscaremark.com
10.123.134.243,eaz1eagapl37v.corp.cvscaremark.com
10.123.134.244,eaz1eagapl38v.corp.cvscaremark.com
10.123.134.245,eaz1eagapl40v.corp.cvscaremark.com
10.123.134.246,eaz1eagapl41v.corp.cvscaremark.com
10.123.134.247,eaz1eagapl42v.corp.cvscaremark.com
10.123.134.248,eaz1eagapl43v.corp.cvscaremark.com
10.123.134.249,eaz1eagapl44v.corp.cvscaremark.com
10.123.134.250,eaz1eagapl45v.corp.cvscaremark.com
10.123.134.251,eaz1eagapl46v.corp.cvscaremark.com
10.123.134.252,eaz1eagapl47v.corp.cvscaremark.com
10.123.134.253,eaz1eagapl39v.corp.cvscaremark.com
10.123.134.75,paz1omcepp01v.caremark.com
10.123.202.15,raz1atgsapl1b.corp.cvscaremark.com
10.127.126.203,semafone-west.cvshealth.com
10.136.212.39,dell5450fwvvp74.corp.cvscaremark.com
10.155.80.247,rac2batapw2v.minclinic.local
10.156.2.101,rri2rtlapl10p.corp.cvscaremark.com
10.156.2.102,rri2rtlapl28p.corp.cvscaremark.com
10.156.2.103,rri2rtlapl29p.corp.cvscaremark.com
10.156.2.104,rri2rtlapl30p.corp.cvscaremark.com
10.156.2.105,rri2rtlapl31p.corp.cvscaremark.com
10.156.2.108,rri2rtlapl17p.corp.cvscaremark.com
10.156.2.208,rri2apipl1p.cvs.com
10.156.2.210,rri2apipl3p.corp.cvscaremark.com
10.168.0.109,dell54505gwf494.corp.cvscaremark.com
10.168.0.43,dell74406yk4q04.corp.cvscaremark.com
10.168.1.58,dell3590h9xzg74.corp.cvscaremark.com
10.168.1.67,dell5450dgkv374.corp.cvscaremark.com
10.168.115.146,dpb142505l858f4.corp.cvscaremark.com
10.168.115.232,dell3590h9xzg74.corp.cvscaremark.com
10.168.115.5,dell54502df52t2.corp.cvscaremark.com
10.168.116.151,dell3590fr61x64.corp.cvscaremark.com
10.168.117.58,dpb14250dpftld4.corp.cvscaremark.com
10.168.118.27,dpb1425532y45d4.corp.cvscaremark.com
10.168.118.61,dell544018v69w3.corp.cvscaremark.com
10.168.119.193,dpb132552lds0j4.corp.cvscaremark.com
10.168.119.220,dpb14255jgm45d4.corp.cvscaremark.com
10.168.120.105,dell5450jb6ly64.corp.cvscaremark.com
10.168.120.128,dpb13255g5w23j4.corp.cvscaremark.com
10.168.120.165,dell545015l6z64.corp.cvscaremark.com
10.168.120.249,dell54503rc52t2.corp.cvscaremark.com
10.168.120.78,h6451h85144144.corp.cvscaremark.com
10.168.121.106,hp8305cg208247h.corp.cvscaremark.com
10.168.121.135,dell3590bf61x64.corp.cvscaremark.com
10.168.121.152,dell359067h8v74.corp.cvscaremark.com
10.168.121.186,dpb14255386lkc4.corp.cvscaremark.com
10.168.121.238,dell5430c59whw3.corp.cvscaremark.com
10.168.121.251,dell5440363jqv3.corp.cvscaremark.com
10.168.177.243,dpb162552rmxfc4.corp.cvscaremark.com
10.168.178.152,dell544018v69w3.corp.cvscaremark.com
10.168.178.174,dell74402jn4q04.corp.cvscaremark.com
10.168.178.26,dell54303790rv3.corp.cvscaremark.com
10.168.178.27,dpb13255jbs71d4.corp.cvscaremark.com
10.168.179.136,h6451h85134v5p.corp.cvscaremark.com
10.168.179.214,dell54402h759w3.corp.cvscaremark.com
10.168.179.248,dell7640gjfk224.corp.cvscaremark.com
10.168.179.250,dell5440jcw49w3.corp.cvscaremark.com
10.168.180.156,dell3590bf61x64.corp.cvscaremark.com
10.168.180.180,dell5440gc0hk24.corp.cvscaremark.com
10.168.180.48,dell54502df52t2.corp.cvscaremark.com
10.168.180.84,dpb14255jzzw0c4.corp.cvscaremark.com
10.168.182.1,dell5430bh44wt3.corp.cvscaremark.com
10.168.182.140,dell73402gg1gx3.corp.cvscaremark.com
10.168.183.161,dell5450b4ql594.corp.cvscaremark.com
10.168.183.162,dell545049l6z64.corp.cvscaremark.com
10.168.183.186,dpb14255jjk35d4.corp.cvscaremark.com
10.168.183.61,dell5450j6cvp74.corp.cvscaremark.com
10.168.2.103,dell54503zy52t2.corp.cvscaremark.com
10.168.2.80,dpb1625567x51j4.corp.cvscaremark.com
10.168.3.181,dell5440b3b1by3.corp.cvscaremark.com
10.168.4.27,dell54402h759w3.corp.cvscaremark.com
10.168.4.35,dell5450hk2jg94.corp.cvscaremark.com
10.168.62.85,dell5450gv3x374.corp.cvscaremark.com
10.168.63.216,dell54505gwf494.corp.cvscaremark.com
10.18.106.117,rri1nacpl2p.corp.cvscaremark.com
10.18.148.72,rri1otcdpl2v.corp.cvscaremark.com
10.18.48.101,ibmtpmsda1.cvs.com
10.18.48.102,ibmtpmsdd1.cvs.com
10.18.48.6,ibmtpmsua3.cvs.com
10.18.49.103,rri1ssdd1.cvs.com
10.18.49.38,ibmrettw1.cvs.com
10.18.49.39,ibmretta1.cvs.com
10.18.49.40,ibmretdw1.cvs.com
10.18.49.41,ibmretda1.cvs.com
10.18.49.5,ibmtpmsua1.cvs.com
10.18.49.6,ibmtpmsud1.cvs.com
10.18.49.61,ibmfdwtd1.cvs.com
10.18.49.90,ibmtpmsud2.cvs.com
10.18.49.94,ibmtpmsua2.cvs.com
10.180.100.103,dell54404phfl34.corp.cvscaremark.com
10.180.100.116,hdg1amxl6093pqq.corp.cvscaremark.com
10.180.100.200,dell5440dkn69w3.corp.cvscaremark.com
10.180.100.217,lnvm80qmj0djj2k.corp.cvscaremark.com
10.180.101.34,dell5090jsy7pk3.corp.cvscaremark.com
10.180.13.195,dell701013hfwx3.corp.cvscaremark.com
10.180.14.12,dell5440gw3btv3.corp.cvscaremark.com
10.180.141.180,dpb142502p9wld4.corp.cvscaremark.com
10.180.141.196,dpb142551d61dc4.corp.cvscaremark.com
10.180.142.156,dell5450gvjw374.corp.cvscaremark.com
10.180.142.175,dqbm1250gzqh3j4.corp.cvscaremark.com
10.180.143.129,dell5430cr12jw3.corp.cvscaremark.com
10.180.143.136,dell5440bj969w3.corp.cvscaremark.com
10.180.143.178,dell54507gvvp74.corp.cvscaremark.com
10.180.143.209,h6451h85142pzy.corp.cvscaremark.com
10.180.143.243,dell76404rclqv3.corp.cvscaremark.com
10.180.144.135,dell74401cgntw3.corp.cvscaremark.com
10.180.144.167,dpb142502f958f4.corp.cvscaremark.com
10.180.144.169,dell3590jkq1n64.corp.cvscaremark.com
10.180.144.244,dpb142555701dc4.corp.cvscaremark.com
10.180.144.91,dell7340dg4p824.corp.cvscaremark.com
10.180.145.125,dell50802dsx673.corp.cvscaremark.com
10.180.145.254,dell54408y3ggy3.corp.cvscaremark.com
10.180.147.254,dell735033jg044.corp.cvscaremark.com
10.180.147.35,dpb16255jwmxfc4.corp.cvscaremark.com
10.180.148.74,dell54303gj8vt3.corp.cvscaremark.com
10.180.149.55,dell5440745btv3.corp.cvscaremark.com
10.180.149.71,dell70105w7ynz3.corp.cvscaremark.com
10.180.15.126,h6451h85142pzy.corp.cvscaremark.com
10.180.15.72,dell5090g2rrmh3.corp.cvscaremark.com
10.180.150.18,dell545090qw374.corp.cvscaremark.com
10.180.18.150,dell50906s6y2l3.corp.cvscaremark.com
10.180.18.165,dell54308g9gwt3.corp.cvscaremark.com
10.180.18.246,h6g1a1h860507nb.corp.cvscaremark.com
10.180.18.95,dpb14250b0637h4.corp.cvscaremark.com
10.180.19.178,dell5450fpcly64.corp.cvscaremark.com
10.180.20.159,dell5440j5tfk24.corp.cvscaremark.com
10.180.20.180,dell5080clldh63.corp.cvscaremark.com
10.180.20.222,dell35902y51x64.corp.cvscaremark.com
10.180.20.232,dpb132553x639f4.corp.cvscaremark.com
10.180.21.147,dell508050z0g73.corp.cvscaremark.com
10.180.21.225,dell35908lr1n64.corp.cvscaremark.com
10.180.90.252,dell701091c03z3.corp.cvscaremark.com
10.180.91.41,dell701091c03z3.corp.cvscaremark.com
10.180.93.157,dell54502fbpb94.corp.cvscaremark.com
10.180.93.161,dell50801nh1vd3.corp.cvscaremark.com
10.180.93.41,dell5450d1bhg94.corp.cvscaremark.com
10.180.95.47,dell701041ly2z3.corp.cvscaremark.com
10.180.97.202,dpb16255hrwjsh4.corp.cvscaremark.com
10.180.97.233,dell50009m85zs3.corp.cvscaremark.com
10.180.97.81,dell359034g7v74.corp.cvscaremark.com
10.180.98.136,dmb16250jhtscj4.corp.cvscaremark.com
10.180.98.157,dell5430cr12jw3.corp.cvscaremark.com
10.180.98.205,dell7350dj6ky74.corp.cvscaremark.com
10.180.99.203,dell50801nh1vd3.corp.cvscaremark.com
10.180.99.211,dell5440jv579w3.corp.cvscaremark.com
10.180.99.218,dell70101f00pz3.corp.cvscaremark.com
10.180.99.247,dpb16255jwmxfc4.corp.cvscaremark.com
10.180.99.250,dell73403khkks3.corp.cvscaremark.com
10.191.18.202,dell5450494w374.corp.cvscaremark.com
10.191.67.114,dell545072152t2.corp.cvscaremark.com
10.192.74.153,dell73507w2fzb4.corp.cvscaremark.com
10.194.46.125,dell50001xd2st3.corp.cvscaremark.com
10.21.232.224,DELL5440201HK24
10.21.234.161,dpb14255gjq45d4.corp.cvscaremark.com
10.21.241.50,dell7440gjggvh3.corp.cvscaremark.com
10.21.242.192,dell35904hl0m34.corp.cvscaremark.com
10.21.242.244,dpb14255cvh2xc4.corp.cvscaremark.com
10.21.65.222,dpb14255cvh2xc4.corp.cvscaremark.com
10.21.92.202,dell54403jhzvw3.corp.cvscaremark.com
10.220.160.164,rri2zscapl16v.corp.cvscaremark.com
10.220.160.204,rri2zscapl17v.corp.cvscaremark.com
10.220.230.93,rri2vcswpl1v.corp.cvscaremark.com
10.220.33.77,rri2sqlpw101v.corp.cvscaremark.com
10.221.13.78,eri1ecewpw35v.corp.cvscaremark.com
10.221.14.205,rri2domsmqpta1.cvs.com
10.221.14.211,eri2etlaua1b.cvs.com
10.221.14.244,rri2domsmqda1.cvs.com
10.221.14.75,rri1byaua1.corp.cvscaremark.com
10.221.14.76,rri1byaua2.corp.cvscaremark.com
10.221.14.77,rri1byaua3.corp.cvscaremark.com
10.221.14.78,rri1byaua4.corp.cvscaremark.com
10.221.14.79,rri1byaua5.corp.cvscaremark.com
10.221.15.78,rri2prtlda2v.cvs.com
10.221.161.115,rri1eslapl25v.corp.cvscaremark.com
10.221.161.45,rri1eslapl11v.corp.cvscaremark.com
10.221.161.47,rri1eslapl13v.corp.cvscaremark.com
10.223.66.184,pac4ihswpl13v.corp.cvscaremark.com
10.223.66.216,pac4db2dpl20v.corp.cvscaremark.com
10.223.66.217,pac4db2dpl10v.corp.cvscaremark.com
10.223.66.40,pac4omsdpl11v.corp.cvscaremark.com
10.223.66.6,pac4omsapl12v.corp.cvscaremark.com
10.223.66.7,pac4omsapl10v.corp.cvscaremark.com
10.223.66.8,pac4omsapl11v.corp.cvscaremark.com
10.223.66.9,pac4omsapl13v.corp.cvscaremark.com
10.223.67.181,pac4db2dpl11v.corp.cvscaremark.com
10.223.67.182,pac4db2dpl21v.corp.cvscaremark.com
10.223.94.117,pac4aapwpl20v.corp.cvscaremark.com
10.223.94.119,pac4aapwpl21v.corp.cvscaremark.com
10.223.94.120,pac4aapwpl22v.corp.cvscaremark.com
10.223.94.121,pac4aapwpl23v.corp.cvscaremark.com
10.223.94.133,pac4molapl10v.corp.cvscaremark.com
10.223.94.134,pac4molapl12v.corp.cvscaremark.com
10.223.94.135,pac4molapl13v.corp.cvscaremark.com
10.223.94.136,pac4molapl11v.corp.cvscaremark.com
10.223.94.149,pci-06-storagencrypt003.vault.azure.net
10.223.94.151,pac4db2dpl13v.corp.cvscaremark.com
10.223.95.20,rac4pwoapw01v.corp.cvscaremark.com
10.223.95.21,pac4pwoapw10v.corp.cvscaremark.com
10.223.95.5,pac4mobapl11v.corp.cvscaremark.com
10.223.95.6,pac4mobapl10v.corp.cvscaremark.com
10.224.92.180,dpb142509p658f4.corp.cvscaremark.com
10.224.94.184,dpb142509p658f4.corp.cvscaremark.com
10.225.56.159,dell7020gh34144.corp.cvscaremark.com
10.225.58.203,h6g1a1h860507pw.corp.cvscaremark.com
10.228.164.46,rri2dytapl1v.corp.cvscaremark.com
10.228.164.80,eri2idnapp10v.corp.cvscaremark.com
10.228.164.81,eri2idnapp11v.corp.cvscaremark.com
10.228.165.178,rak1qs1apw10v.corp.cvscaremark.com
10.228.165.182,rak1rdsapw10v.corp.cvscaremark.com
10.228.165.183,rwa4qs1apw10v.corp.cvscaremark.com
10.228.165.184,rwa4qs1apw11v.corp.cvscaremark.com
10.228.165.185,rwa4qs1apw13v.corp.cvscaremark.com
10.228.165.186,rwa4qs1apw14v.corp.cvscaremark.com
10.228.165.193,rwa4rdsapw13v.corp.cvscaremark.com
10.228.165.194,rwa4rdsapw10v.corp.cvscaremark.com
10.228.165.195,rak1qs1apw11v.corp.cvscaremark.com
10.228.165.197,rwa4rdsapw11v.corp.cvscaremark.com
10.228.166.22,rri2zscapl14v.corp.cvscaremark.com
10.228.166.23,rri2zscapl15v.corp.cvscaremark.com
10.228.166.95,rri2tpmspl10v.corp.cvscaremark.com
10.228.166.96,rri2tpmspl11v.corp.cvscaremark.com
10.228.225.37,rricmdc-sec-ui-pa-01.corp.cvscaremark.com
10.228.228.50,rri2xffapw30v.corp.cvscaremark.com
10.228.230.47,rri2zscapl10v.corp.cvscaremark.com
10.228.232.77,vulnmanager.aetna.com
10.228.236.57,eri2mthddw12v.corp.cvscaremark.com
10.228.240.111,eri2idnasp10v.corp.cvscaremark.com
10.228.240.112,eri2idnasp11v.corp.cvscaremark.com
10.228.240.113,eri2idnaup10v.corp.cvscaremark.com
10.228.240.114,eri2idnaup11v.corp.cvscaremark.com
10.228.240.115,eri2idnadp11v.corp.cvscaremark.com
10.228.240.174,rri2dytadl16v
10.228.240.44,eri2idnadp10v.corp.cvscaremark.com
10.228.243.126,rri2xffatw30v.corp.cvscaremark.com
10.228.243.66,eri2esdwtw30v.corp.cvscaremark.com
10.228.243.77,eri2esdwtw31v.corp.cvscaremark.com
10.228.243.89,eri2efiwuw31v.corp.cvscaremark.com
10.228.243.90,eri2efiwuw33v.corp.cvscaremark.com
10.233.40.66,dqbm125047cj3j4.corp.cvscaremark.com
10.236.127.226,egcp-aeth-001.aeth.aetna.com
10.249.12.189,rri2lgewdw10v.corp.cvscaremark.com
10.249.12.200,rri2lgeadw13v.corp.cvscaremark.com
10.249.12.201,rri2lgeadw11v.corp.cvscaremark.com
10.249.12.202,rri2lgeadw12v.corp.cvscaremark.com
10.249.12.206,rri2lgeddw10v.corp.cvscaremark.com
10.249.28.112,rri2zscapl12v.corp.cvscaremark.com
10.249.28.113,rri2zscapl13v.corp.cvscaremark.com
10.26.115.95,dpb132551fc23j4.corp.cvscaremark.com
10.26.63.110,dpb142552f251c4.corp.cvscaremark.com
10.51.18.215,dell5440213hk24.corp.cvscaremark.com
10.9.2.140,paz1sfsarta1.caremarkrx.net
10.9.2.156,paz1sfsdrta1.caremarkrx.net
10.9.62.241,paz1nlxanl4v.coe.caremarkrx.net
10.9.62.242,paz1nlxanl5v.coe.caremarkrx.net
10.9.62.243,paz1nlxanl6v.coe.caremarkrx.net
10.9.62.247,paz1nlxanw5v.coe.caremarkrx.net
10.9.62.248,paz1nlxanw6v.coe.caremarkrx.net
10.9.63.102,node1.redis.ip-az1-stp.coe.caremarkrx.net
10.9.63.104,node3.redis.ip-az1-stp.coe.caremarkrx.net
10.9.63.105,node1.redis.ip-az2-stp.coe.caremarkrx.net
10.9.63.11,paz1sprdnl1ap.corp.cvscaremark.com
10.9.63.150,paz1iibanl12v.corp.cvscaremark.com
10.9.63.151,paz1iibanl13v.corp.cvscaremark.com
10.9.63.152,paz1ibcanl12v.corp.cvscaremark.com
10.9.64.56,paz1eslanp17v.corp.cvscaremark.com
10.9.64.62,paz1silanl18v.corp.cvscaremark.com
10.9.64.63,paz1silanl19v.corp.cvscaremark.com
10.9.64.71,paz1eslanp20v.corp.cvscaremark.com
10.9.80.146,paz1silanl10v.corp.cvscaremark.com
10.9.80.147,paz1silanl11v.corp.cvscaremark.com
10.9.80.148,paz1silanl12v.corp.cvscaremark.com
10.9.80.150,paz1sppwnl12v.corp.cvscaremark.com
10.9.80.151,paz1sppwnl13v.corp.cvscaremark.com
10.9.80.152,paz1sppwnl14v.corp.cvscaremark.com
10.9.80.153,paz1sppwnl15v.corp.cvscaremark.com
10.9.80.154,paz1sppwnl16v.corp.cvscaremark.com
10.9.80.156,paz1sppanl46v.corp.cvscaremark.com
10.9.80.157,paz1sppanl47v.corp.cvscaremark.com
10.9.80.158,paz1sppanl48v.corp.cvscaremark.com
10.9.80.159,paz1sppanl49v.corp.cvscaremark.com
10.9.80.160,paz1sppanl50v.corp.cvscaremark.com
10.9.80.161,paz1sppanl51v.corp.cvscaremark.com
10.9.80.162,paz1sppanl52v.corp.cvscaremark.com
10.9.80.163,paz1sppanl53v.corp.cvscaremark.com
10.9.80.164,paz1sppanl54v.corp.cvscaremark.com
10.9.80.165,paz1sppanl55v.corp.cvscaremark.com
10.9.80.166,paz1sppgnl20v.corp.cvscaremark.com
10.9.80.167,paz1sppgnl21v.corp.cvscaremark.com
10.9.80.168,paz1sppgnl22v.corp.cvscaremark.com
10.9.80.169,paz1sppgnl23v.corp.cvscaremark.com
10.9.80.170,paz1sppgnl24v.corp.cvscaremark.com
10.9.80.171,paz1sppgnl25v.corp.cvscaremark.com
10.9.80.172,paz1sppgnl26v.corp.cvscaremark.com
10.9.80.173,paz1sppgnl27v.corp.cvscaremark.com
10.9.80.174,paz1sppgnl28v.corp.cvscaremark.com
10.9.80.175,paz1sppgnl29v.corp.cvscaremark.com
10.9.80.176,paz1sppvnl10v.corp.cvscaremark.com
10.9.80.177,paz1sppvnl11v.corp.cvscaremark.com
10.9.80.178,paz1sppvnl12v.corp.cvscaremark.com
10.9.80.22,paz1sppwnl1v.corp.cvscaremark.com
10.9.80.251,paz1silanl14v.corp.cvscaremark.com
10.9.80.252,paz1silanl15v.corp.cvscaremark.com
10.9.80.253,paz1silanl16v.corp.cvscaremark.com
10.9.80.254,paz1silanl17v.corp.cvscaremark.com
10.9.80.48,paz1digan1l1v.corp.cvscaremark.com
10.9.80.51,paz1digan1l2v.corp.cvscaremark.com
10.9.80.54,paz1digwn1l1v.corp.cvscaremark.com
10.9.80.55,paz1digwn1l2v.corp.cvscaremark.com
10.92.232.59,rri1otcapl3v.corp.cvscaremark.com
10.92.232.72,pri1digwpl1v.corp.cvscaremark.com
10.92.232.73,pri1digwpl2v.corp.cvscaremark.com
10.92.232.74,pri1digwpl3v.corp.cvscaremark.com
10.92.232.75,pri1digwpl4v.corp.cvscaremark.com
10.93.164.163,paz1sivmpw12v.corp.cvscaremark.com
10.93.164.164,paz1sivmpw13v.corp.cvscaremark.com
10.93.164.165,paz1sivcpw22v.corp.cvscaremark.com
10.93.164.166,paz1sivcpw23v.corp.cvscaremark.com
10.93.164.167,paz1sivcpw24v.corp.cvscaremark.com
10.93.164.168,paz1sivcpw25v.corp.cvscaremark.com
10.93.164.169,paz1sivcpw26v.corp.cvscaremark.com
10.93.164.170,paz1sivcpw27v.corp.cvscaremark.com
10.93.165.34,paz1sivcpw12v.corp.cvscaremark.com
157.121.220.104,xsentm3q.aetna.com
157.121.227.185,xappdynesw1q.aetna.com
157.121.227.187,xappdynesw3q.aetna.com
167.69.84.42,xappdynesm1p.aetna.com
167.69.84.45,xappdynesm3p.aetna.com
192.168.243.150,rri1cvmwpw10v.corp.cvscaremark.com
204.99.14.9,rs14ws9.internal.pcshs.com
204.99.17.206,pexpe.corp.cvscaremark.com
204.99.17.207,paz1expeapl2p.corp.cvscaremark.com
